Date,Coin,Subreddit,Title,Sentiment,Score
2025-05-28,PEPE,cryptomoonshots,Why I think $PEP actually has a chance at 100x,1.4179333333333333,2
2025-05-27,PEPE,cryptomoonshots,$PEEPEE |  The Forgotten Origin of Pepe  Is Finally Flowing on ETH |,178.05963333333332,505
2025-05-26,PEPE,cryptomoonshots,$SRY is the one to watch .... not for the reasons you think!,4.056177777777777,8
2025-05-25,PEPE,cryptomoonshots,Should I sell my position in $Pepe @ 0.000001,1.844566666666667,5
2025-05-25,PEPE,cryptomoonshots,$ZEUS ‚Äì Pepe's Dog | The Meme Multiverse Expands,95.452,240
2025-05-24,PEPE,cryptomoonshots,"Calling All Degens, Raiders, and Meme Lords ‚Äî This Is Your Signal",0.6320333333333333,1
2025-05-24,PEPE,cryptomoonshots,"üöÄSick Buffalo: Five days to Pre Sale, Zero days offüí•",3.9995999999999996,11
2025-05-24,PEPE,cryptomoonshots,Why Strong Communities Always Win,92.80373666666668,119
2025-05-24,PEPE,cryptomoonshots,Missed Bitcoin in 2009? $SATOSHI Might Be Your Only Second Chance.,1.1764000000000001,3
2025-05-21,PEPE,cryptomoonshots,$Peepo Launched Today on BSC | Massive Marketing Lined-Up,0.6722666666666667,1
2025-05-20,PEPE,cryptomoonshots,Post2Earn at $YEPE! (Comment to receive invite),1.3756000000000002,2
2025-05-19,PEPE,cryptomoonshots,Upcoming SUI Memecoin,94.13112777777778,179
2025-05-18,PEPE,cryptomoonshots,"$GASS - Gasspas, the Confirmed Character in Matt Furie‚Äôs new book.",68.39583333333334,125
2025-05-17,PEPE,cryptomoonshots,The Forgotten Pepe: Jason Furie‚Äôs Visionary Frog Steps into the ETH Spotlight,477.6784,636
2025-05-17,PEPE,cryptomoonshots,Is the Solana Chain cooked?,77.72378888888889,179
2025-05-16,PEPE,cryptomoonshots,IZZY ‚Äì Strongest Meme Narrative in the Entire Crypto Space (on ETH),0.7765666666666666,1
2025-05-16,PEPE,cryptomoonshots,"$YEPE is the play today, tomorrow, any day of the week. It ain't a coin, it's a cult. 600+ quality memes, website under construction and 80 days in, I rest assured with my $YEPE bag.",2.4084000000000003,3
2025-05-16,PEPE,cryptomoonshots,Exploring a utility NFT that gives access to trading bots + private DeFi tools ‚Äî early stage and interesting setup,79.18665,129
2025-05-16,PEPE,cryptomoonshots,Kendu - The First Brandcoin,62.108200000000004,148
2025-05-15,PEPE,cryptomoonshots,"$GIGACHAD on $ETH, the final evolution. Stop coping, start chad-ing.",0.9982666666666667,2
2025-05-14,PEPE,cryptomoonshots,WOOLI: The Mammoth Sized Memecoin Thawing Out on Solana,0.47891666666666666,1
2025-05-14,PEPE,cryptomoonshots,Kendu Features In An S&P 500 Company's Advert,18.08052,34
2025-05-13,PEPE,cryptomoonshots,$KENDU- Crypto‚Äôs next evolution!,18.148746666666668,37
2025-05-11,PEPE,cryptomoonshots,Matt Furie Hints at ‚ÄúStrawberry in Bloom‚Äù ‚Äî A Female Pepe Set to Lead a New Meme Era,188.5396333333333,561
2025-05-09,PEPE,cryptomoonshots,Kendu - The Run to The Billions Has Started,24.7323,57
2025-05-02,PEPE,cryptomoonshots,Pepe - The Frog is an American,542.4514333333334,1023
2025-05-02,PEPE,cryptomoonshots,Kendu - Why Kendu is the next multi-billion dollar memecoin,31.33656,54
2025-05-02,PEPE,cryptomoonshots,Introducing Pepe Multiverse,1.2636,2
2025-05-02,PEPE,cryptomoonshots,Moo COW! Vitalik‚Äôs bullish meme charging up Ethereum,277.0111166666667,581
2025-04-27,PEPE,cryptomoonshots,Kendu - A Sleeping Giant is Ready to Awaken,37.939440000000005,66
2025-04-25,PEPE,cryptomoonshots,| DON | New Meme Gem Binance Smart Chain |,252.5199,331
2025-04-25,PEPE,cryptomoonshots,"Pepecoin ($PEP) ‚Äì A Meme Coin You Can‚Äôt Rug, On a Blockchain You Can‚Äôt Fake",47.64881333333333,173
2025-04-21,PEPE,cryptomoonshots,$BIAO - The Cousin of All Memes | Bridging East & West | BNB‚Äôs Homegrown Viral Panda,276.1968,528
2025-04-21,PEPE,cryptomoonshots,Peep the toad,1.1869333333333334,2
2025-04-20,PEPE,cryptomoonshots,This Post is a Coin! Zora meme on base,0.6228,1
2025-04-19,PEPE,cryptomoonshots,Kendu - A Fantastic Opportunity to Pursue Your Creative Ambitions,40.84127,53
2025-04-13,PEPE,cryptomoonshots,Why I Only Hold Kendu,47.316849999999995,93
2025-04-08,PEPE,cryptomoonshots,Kendu - The Florida Grove Festival,38.508120000000005,59
2025-04-05,PEPE,cryptomoonshots,Kendu - Setting the Kendu Standard,42.82252,78
2025-04-02,PEPE,cryptomoonshots,Kendu - The Community that Doesn't Sleep,40.20133333333333,80
2025-03-30,PEPE,cryptomoonshots,The Ye-Paper $YEPE,-0.01429999999999998,1
2025-03-30,PEPE,cryptomoonshots,Kendu - The Diamond Opportunity is Here,51.409600000000005,92
2025-03-29,PEPE,cryptomoonshots,"Pepe The King Prawn: The Muppet With The Mostest! ü§© Four Arms, Quick Wit, And A Heart Of Gold!",323.85906666666665,374
2025-03-27,PEPE,cryptomoonshots,Pepecoin ($PEP) ‚Äì A Layer 1 Meme Coin With Real Security and Dogecoin Expertise,115.20215999999999,216
2025-03-25,PEPE,cryptomoonshots,"Pepecoin ($PEP) ‚Äì Fair Launch, Real Tech, and Now a Sellout Hardware Wallet? üê∏",92.90666,161
2025-03-24,PEPE,cryptomoonshots,Kendu Is Leading The Way Again - Kendu Video Games,69.82638,117
2025-03-23,PEPE,cryptomoonshots,From Claymation to Custom PFPs ‚Äì Exploring YEPE‚Äôs Edge,80.84053333333334,128
2025-03-20,PEPE,cryptomoonshots,Utility in a meme token? Massive Upside,4.369599999999999,8
2025-03-19,PEPE,cryptomoonshots,Pepecoin ($PEP) ‚Äì A Layer 1 Meme Coin With Real Security & No Insider Control,80.49646,174
2025-03-15,PEPE,cryptomoonshots,Why You Should Hold Kendu,48.28438333333334,95
2025-03-13,PEPE,cryptomoonshots,Pepecoin ($PEP) ‚Äì A True Layer 1 Blockchain That‚Äôs Still Under the Radar üöÄ,134.48526,234
2025-03-13,PEPE,cryptomoonshots,Kendu is Positioning Itself to be Number 1,36.70128,72
2025-03-12,PEPE,cryptomoonshots,Rug-Proof and Ready to Run ‚Äì 9 Crypto Projects That Stand Out,24.86562,39
2025-03-09,PEPE,cryptomoonshots,"Snake wif Hat (SSSSS): A Lesson in Community Farming, Exit Liquidity, and Abandonment",-0.22324166666666664,1
2025-03-08,PEPE,cryptomoonshots,Being Early is Everything In Crypto,2.7426333333333335,5
2025-03-07,PEPE,cryptomoonshots,$GROKE ‚Äì A Low-Cap Solana Gem Gaining Momentum!,12.95945,21
2025-03-03,PEPE,cryptomoonshots,Next 1000x play,2.3976666666666664,5
2025-03-03,PEPE,cryptomoonshots,Am I the only one who misses the OG communities?,1.7166666666666668,4
2025-03-02,PEPE,cryptomoonshots,$PEP Community Giveaway ‚Äì Win Some PEP!,10.132071428571429,15
2025-03-02,PEPE,cryptomoonshots,They said Pepe was dead. They said it was over for Shib. They say the same for us.... (Kendu),-42.01438666666667,103
2025-03-02,PEPE,cryptomoonshots,Why Kendu is in a great position to be a top performing memecoin this year,82.50075000000001,111
2025-02-24,PEPE,cryptomoonshots,$PEEPE - The holding community of pissed off people.,-0.5728333333333334,2
2025-02-24,PEPE,cryptomoonshots,I‚Äôve just threw away ¬£9,0.47585000000000005,1
2025-02-19,PEPE,cryptomoonshots,CZ's Dog Perry ‚Äì The Next Big Meme Coin?,555.5106,878
2025-02-09,PEPE,cryptomoonshots,I created the only no-code platform to algorithmically trade the TRUMP coin!,32.372083333333336,55
2025-02-09,PEPE,cryptomoonshots,$PEP - Just a Smol Pepe on $4M Market Cap on Solana.,178.68201000000002,507
2025-02-08,PEPE,cryptomoonshots,Gigafart: The Chad Of All Farts,126.59224999999999,285
2025-02-07,PEPE,cryptomoonshots,"Wen Mystery Token? Soon, fren!",-118.59925,427
2025-02-06,PEPE,cryptomoonshots,Introducing Fart-Based Investments ($FBI): The Memecoin That's Breaking Wind and Barriers! üí®,0.6330666666666667,1
2025-02-06,PEPE,cryptomoonshots,üêê Goat Pepe - $GOPE,238.7118,382
2025-02-06,PEPE,cryptomoonshots,$MissPepe ‚Äì The Feels Good Girl of Crypto!,188.21833333333333,238
2025-02-04,PEPE,cryptomoonshots,Pepe Unchained (PEPU) is poised to become a standout.,1.4328666666666667,2
2025-02-04,PEPE,cryptomoonshots,$HOMAN Is the Meme Coin That ‚ÄòGets Things Done‚Äô (and Deports Paper Hands),255.499125,655
2025-02-04,PEPE,cryptomoonshots,The block reward for $PEP has just been halved,3.9968000000000004,6
2025-02-03,PEPE,cryptomoonshots,"While Others Panic, $PLATH Stands Tall!",4.72671111111111,21
2025-02-01,PEPE,cryptomoonshots,The Stonks Pepe ‚Äì $SPONKS Is Printing!,156.86516666666665,313
2025-01-31,PEPE,cryptomoonshots,Why $Kendu is my Highest Conviction Memecoin Play This Cycle,55.062999999999995,102
2025-01-31,PEPE,cryptomoonshots,Why you're seeing so much about PLATH,184.964,390
2025-01-30,PEPE,cryptomoonshots,RISE of the gases!,1.8988,3
2025-01-30,PEPE,cryptomoonshots,"The Ultimate Meme Token Is Here! Inspired by Homan, the DEPORT Master Who 'Gets Things Done",295.7624333333334,466
2025-01-29,PEPE,cryptomoonshots,Thoughts on the Sticker? I'm going to place a few thousand of these in NYC soon. $CCC Catapult Corgi 7u3aEdtAfjb33aN58A56RSCYfMxHHUuMkiLsey3Ypump,1.2328000000000001,2
2025-01-28,PEPE,cryptomoonshots,Pepe the King $PRAWN,0.5998333333333333,1
2025-01-28,PEPE,cryptomoonshots,"Give me one of $PEP's strengths in a comment, and I'll tip you 20 $PEP (Until 9:30 PM UTC+1 - Paris time)",16.65081,33
2025-01-28,PEPE,cryptomoonshots,"Just a $CHILLPEPE: Smooth Vibes, ATHs, and Meme Coin Swagger - Stay smooth. Stay calm.",148.25089999999997,201
2025-01-28,PEPE,cryptomoonshots,$PEPE on Sol: The King of Memes Has Arrived,195.3601,309
2025-01-28,PEPE,cryptomoonshots,WHY IS coinbase advertising $KENDU (twice) ? and why Kendu is still a good investment,39.033530000000006,67
2025-01-27,PEPE,cryptomoonshots,Pepecoin $PEP: The Pepe That Actually Might Make Millionaires,104.60325000000002,225
2025-01-27,PEPE,cryptomoonshots,Too many memes and pump.fun antics make it hard to find a real gem,0.8949666666666666,2
2025-01-27,PEPE,cryptomoonshots,"Why you're seeing so much about Snakewifhat, $SSSSS",476.88589,1049
2025-01-27,PEPE,cryptomoonshots,$PEP: PoW Layer-1 Coin with Upcoming Halving and Major Exchange Listing‚Äî Medium to Long-Term Moon Potential,79.72216,168
2025-01-24,PEPE,cryptomoonshots,$HEGE: the hidden bullish indicators,9.49798888888889,21
2025-01-23,PEPE,cryptomoonshots,Welcome to the most PG memecoin in crypto. Catapult Corgi. $CCC Join us in our Revolution to Detroy the Matrix & get onto Binance!,72.31875000000001,105
2025-01-23,PEPE,cryptomoonshots,Just watch how PEPE will reach 1$ in the next few months‚Ä¶,0.1935,1
2025-01-23,PEPE,cryptomoonshots,$PEPE: The King of Memes Ascends to the Crypto Throne,147.35058333333333,305
2025-01-22,PEPE,cryptomoonshots,The art of the Memecoin. What makes billion dollar communities? Why can't you ever seem to get in early? $CCC @Catapultcorgi,64.28986666666668,124
2025-01-22,PEPE,cryptomoonshots,DrPepe is the best project in terms of quality and results | Join Us !,1018.1994666666667,1148
2025-01-16,PEPE,cryptomoonshots,Are you backing meme coins with real teams?,5.973166666666666,10
2025-01-15,PEPE,cryptomoonshots,Remember When Meme Coins Were Actually Fun?,4.775911111111111,8
2025-01-13,PEPE,cryptomoonshots,"Rasta Pepe ($RASPEPE): The Meme Coin That Spreads Unity, Chill, and Gains",235.79919999999998,316
2025-01-12,PEPE,cryptomoonshots,Getting to know $BIAO - The Biggest Meme in the East!,1.2623333333333333,2
2025-01-26,PEPE,SatoshiStreetBets,hear me out and buy pepe's cat rn,0.2524666666666667,1
2024-10-27,PEPE,SatoshiStreetBets,PEPE on SUI,0.0,1
2024-10-25,PEPE,SatoshiStreetBets,Why Matt Furie's Bork is the Next Memecoin Runner,2.997083333333333,5
2024-10-06,PEPE,SatoshiStreetBets,Neirocoin - The 1000x Memecoin,0.3166,1
2024-10-02,PEPE,SatoshiStreetBets,Is the Coinbase Kendu advert coming true?,20.771806666666667,94
2024-09-30,PEPE,SatoshiStreetBets,"""Found a gem: The crypto that pays you to mock influencer culture""",0.2833,1
2024-09-28,PEPE,SatoshiStreetBets,$PEIRO- New ATH Last Night,11.812199999999999,27
2024-09-26,PEPE,SatoshiStreetBets,$PEIRO- The Future of Community-Driven Crypto,4.202858333333333,7
2024-09-17,PEPE,SatoshiStreetBets,Here is why I'm bullish about PEIRO,6.107152380952382,13
2024-09-06,PEPE,SatoshiStreetBets,$HEGE Already Up 226%‚Äîand the VC Money Hasn‚Äôt Even Hit Yet!,18.71136,48
2024-09-04,PEPE,SatoshiStreetBets,"Massive $60,000 Buy for $HEGE‚ÄîPlus, a Huge Announcement Today! Are You Ready?",76.98330000000001,138
2024-09-02,PEPE,SatoshiStreetBets,Kendu is going to make history,61.57728999999999,129
2024-08-19,PEPE,SatoshiStreetBets,$GM on Eth wants to say Good Morning!,20.7116,52
2024-08-16,PEPE,SatoshiStreetBets,"Kendu is a must have this bullrun, it's the safest investment you'll ever have with all it's alpha",28.59155555555556,60
2024-08-16,PEPE,SatoshiStreetBets,Swipe Right on $HEGE: The Ultimate Tinder Date in the Memecoin Universe,15.09468,36
2024-07-14,PEPE,SatoshiStreetBets,Kendu is on coinbase's next-gen wallet ad on twitter (come on guys it's a no brainer at this point),35.695616666666666,115
2024-07-08,PEPE,SatoshiStreetBets,$BUB Might actually be the first cat coin to hit a billion market cap on Solana.,8.067583333333333,25
2024-06-20,PEPE,SatoshiStreetBets,Need a meme coin to invest in ,0.3767333333333333,1
2024-06-19,PEPE,SatoshiStreetBets,Pepe Rocket Game just went live P2E,0.4606666666666667,1
2024-06-12,PEPE,SatoshiStreetBets,"Daily Market Review: BTC, ETH, BONK, PEPE, STX
",-0.27115,1
2024-06-08,PEPE,SatoshiStreetBets,The reason why $JJ will go to 100M (4M currently),2.4553333333333334,4
2024-06-02,PEPE,SatoshiStreetBets,I like my comics and this project is ticking boxes,0.3856,1
2024-05-30,PEPE,SatoshiStreetBets,Give me some Meme coins i should look into... hoping to make some poor decisions that pay off well.,67.03822222222223,160
2025-05-26,PEPE,CryptoCurrency,James Wynn longs PEPE with 10x leverage as PEPE price eyes potential 20%,0.1529625,1
2025-05-17,PEPE,CryptoCurrency,"I created a free, whiteboard-style interface for building crypto trading bots",3.0011999999999994,4
2025-05-09,PEPE,CryptoCurrency,Fck u Pepe,0.34220370370370373,1
2025-04-28,PEPE,CryptoCurrency,Looking for free API's with historic price data,0.5998555555555556,1
2025-04-17,PEPE,CryptoCurrency,Pepe to the üåï,0.0,1
2025-04-09,PEPE,CryptoCurrency,how to get over memecoin fomo?,-0.11181666666666668,1
2025-03-30,PEPE,CryptoCurrency,Whale Opens $27.53 Million Leveraged PEPE Long on Hyperliquid,-18.25932,236
2025-03-30,PEPE,CryptoCurrency,"Crypto trader turns $2K PEPE into $43M, sells for $10M profit",0.2972375,1
2025-03-20,PEPE,CryptoCurrency,"Fuck crypto.com, this is absolutely insane",-158.46911999999998,288
2025-03-10,PEPE,CryptoCurrency,Am I doing things right?,2.2206649999999994,83
2025-02-19,PEPE,CryptoCurrency,Over $270 Million in Crypto got liquidated in the past 24h,3.8891700000000013,547
2025-02-07,PEPE,CryptoCurrency,"Cryptocurrency is not worth trying to make short-term gains, and if you‚Äôre financially struggling it‚Äôs not the best idea to invest for longterm either.",-38.17216,74
2025-01-22,PEPE,CryptoCurrency,Trimming my portfolio - advice much appreciated!,1.69747,3
2025-01-03,PEPE,CryptoCurrency,Am I HODL correctly?,0.21855,1
2024-12-31,PEPE,CryptoCurrency,Pepe (PEPE) Defies Market Sentiment With 6% Surge After Interaction From Elon Musk: Details,0.01906875,1
2024-12-26,PEPE,CryptoCurrency,[Portfolio Review] Crypto Portfolio Rebalancing Plan for 2025 - Need Community Feedback,0.22235714285714284,1
2024-12-24,PEPE,CryptoCurrency,The duality of man,25.370279999999998,351
2024-12-21,PEPE,CryptoCurrency,Ever wonder how Memecoins like Turbo Toad Token have blown up! 1 word - Community,0.43833809523809525,1
2024-12-15,PEPE,CryptoCurrency,Crypto trader turns $27 into $52M with savvy Pepe token investment,0.09199375,1
2024-12-15,PEPE,CryptoCurrency,"Do you guys know why Dogecoin, Shiba Inu & Pepe are some of the biggest coins in crypto? Trust & freedom.",0.44702333333333333,1
2024-12-09,PEPE,CryptoCurrency,tips to research good cryptocurrencies project,0.5482766666666666,1
2024-12-08,PEPE,CryptoCurrency,"The ""They Deserved To Be Scammed"" Hawk Tuah Coin Narrative Is Toxic And Bad For This Space",-0.42896333333333336,1
2024-12-08,PEPE,CryptoCurrency,My conservative price predictions for this cycle,0.37823,1
2024-12-08,PEPE,CryptoCurrency,"PEPE Market Cap Hits $10 Billion, Flips Litecoin After 18% Price Increase",34.65594,132
2024-12-07,PEPE,CryptoCurrency,Could PEPE Price Surge 150% as Market Cap Reaches $11B?,0.12823333333333334,1
2024-12-07,PEPE,CryptoCurrency,"Pepe memecoin flips Uniswap token in market cap, hits all-time high",3.5707500000000003,69
2024-12-04,PEPE,CryptoCurrency,What‚Äôs the next doge coin?,0.30096666666666666,1
2024-12-02,PEPE,CryptoCurrency,PEPU legitimacy concerns,0.25793333333333335,1
2024-11-30,PEPE,CryptoCurrency,Let's play a game üéØ‚ú®,0.5439366666666666,1
2024-11-29,PEPE,CryptoCurrency,BTCTKVR: Privacy Magazine Makes Crypto Cypherpunk Again,0.5418166666666667,1
2024-11-20,PEPE,CryptoCurrency,PEPE Is Mirroring The Dogecoin Price Breakout Of 2021,0.05132222222222223,1
2024-11-17,PEPE,CryptoCurrency,Help a newbie please ,0.5608233333333333,1
2024-11-15,PEPE,CryptoCurrency,$PEPE Billboard Spotted @ NYC Times Square,28.560409999999997,257
2024-11-14,PEPE,CryptoCurrency,Memecoins outperforming altcoins this bull market season,-0.8370599999999999,6
2024-11-13,PEPE,CryptoCurrency,PEPE price jumps 50% after Coinbase says it will list the token,35.189980000000006,471
2024-11-13,PEPE,CryptoCurrency,"Robinhood Crypto Expands Offering with Solana (SOL), Pepe (PEPE), Cardano (ADA) & XRP (XRP) for U.S. Customers",13.65525,105
2024-10-14,PEPE,CryptoCurrency,$PEPE Holder Loses $1.3M in Sophisticated Phishing Scam,-4.331160000000001,24
2024-09-27,PEPE,CryptoCurrency,"PEPE Coin Leaps 35%, Arthur Hayes Buys Billions Of PEPE Tokens: Coincidence Or a Well-Timed Play?",0.40139,1
2024-08-19,PEPE,CryptoCurrency,Dodgecoin hype over? Is the meme coin craze fading away.,0.20234761904761903,1
2024-08-16,PEPE,CryptoCurrency,Looking for excitement in life? Is crypto the answer?,0.54892,1
2024-08-06,PEPE,CryptoCurrency,"Meme Coin Prices Rebound as Brett, Pepe, Base Dawgz See Big Gains ",0.22260000000000002,1
2024-07-22,PEPE,CryptoCurrency, What would you choose? Meme coin vs Lottery | What are the odds ,4.777396666666667,17
2024-07-22,PEPE,CryptoCurrency,What‚Äôs the meaning of altcoins and ‚Äúshitcoins‚Äù rather than gambling? ,-5.48744,21
2024-07-12,PEPE,CryptoCurrency,"For those of you eager to earn quick gains in Crypto, here's my story and why you should probably just DCA.",6.3584,8
2024-06-30,PEPE,CryptoCurrency,How meme coins work,-0.3624133333333333,1
2024-06-29,PEPE,CryptoCurrency,Ways to outperform 99% of portfolios while staying relatively safe,0.5250499999999999,1
2024-06-26,PEPE,CryptoCurrency,PEPE Holder Loses 3.5M After 700B Binance Splash,-0.8249714285714285,8
2024-06-21,PEPE,CryptoCurrency,Month 7 of the RCC Performance Tracker - Hold Onto Your Hats!,3.7592333333333334,7
2024-06-18,PEPE,CryptoCurrency,"SHIB, PEPE, WIF, & BONK Fall Off Hard as Major Players Exit",0.057825,2
2024-06-16,PEPE,CryptoCurrency,"I give you the inverse r/cc trading bot. An open source trading bot I made based on the inverse sentiment of this subreddit, so you know it literally cannot fail.",13.36139,129
2024-06-15,PEPE,CryptoCurrency,Memecoin supercycle - Investing a low percentage of one's portfolio into memecoins to increase ROI,0.3967066666666667,1
2024-06-14,PEPE,CryptoCurrency,Whats the best risk adjusted token to buy right before altcoin season?,0.4415233333333333,1
2024-06-07,PEPE,CryptoCurrency,A Wild Bucket Has Appeared! - Week 28 RCC Tracker,6.712533333333334,14
2024-06-06,PEPE,CryptoCurrency,What‚Äôs everybody‚Äôs opinion on Litecoin? Is it worth buying in?,0.46207333333333334,1
2024-06-02,PEPE,CryptoCurrency,Memecoins PEPE chart,-0.14729666666666666,1
2024-05-30,PEPE,CryptoCurrency,Deep Dive into Pepe(SOL),33.26233,101
2025-05-28,PEPE,CryptoMarkets,PEPE Whale Goes All In On BTC Amid Bitcoin Vegas 2025,-2.7486,9
2025-05-12,PEPE,CryptoMarkets,"I got wrecked on SOL, can I make it back?",0.10308666666666667,1
2025-05-06,PEPE,CryptoMarkets,Where to invest for my child‚Äôs future?,0.7883333333333332,2
2025-05-04,PEPE,CryptoMarkets,Every cycle we swear we‚Äôve learned‚Ä¶ then we YOLO into memes all over again,4.8479133333333335,19
2025-04-29,PEPE,CryptoMarkets,Which tokens should I buy right now?,0.31881333333333334,1
2025-04-24,PEPE,CryptoMarkets,Which coins should I buy right now?,4.144326666666667,14
2025-04-18,PEPE,CryptoMarkets,"Feeling the pain, down -57% since December",-6.137569999999999,57
2025-04-18,PEPE,CryptoMarkets,rate the bags üëú,0.4874666666666667,1
2025-04-06,PEPE,CryptoMarkets,How do you make money from XRP?,0.30391666666666667,1
2025-04-04,PEPE,CryptoMarkets,What's The Best Meme Coin Platform Out Right Now?,0.6928000000000001,1
2025-03-24,PEPE,CryptoMarkets,"For those who has been in Crypto for years, how much pump can I expect for altcoins if altseason occurs? Is 130% gain from here possible?",0.4203733333333333,1
2025-03-21,PEPE,CryptoMarkets,When to get on the train‚Ä¶,0.1468,1
2025-03-21,PEPE,CryptoMarkets,Is it possible for my $19500 bag pump to $54000 if altseason occurs?,0.2495333333333333,1
2025-03-16,PEPE,CryptoMarkets,Have you been dealing with mental issues everyday in past few weeks,-0.3564,2
2025-03-12,PEPE,CryptoMarkets,Judge / Comment on my degen bag,0.8668666666666667,2
2025-03-11,PEPE,CryptoMarkets,Cant the memecoins bubble be consider as alt season?,0.15869333333333333,1
2025-03-10,PEPE,CryptoMarkets,Now Im in a really bad case that no human being has ever been before,-0.07708666666666668,1
2025-03-09,PEPE,CryptoMarkets,Is $PEPE going to zero?,2.9793333333333334,10
2025-03-08,PEPE,CryptoMarkets,Best wallet scam,0.31383333333333335,1
2025-03-07,PEPE,CryptoMarkets,"Whats up now, Im so depressed",-28.26494,66
2025-03-03,PEPE,CryptoMarkets,"What should I do, Im sooo clueless rn, please advice me",0.06000666666666666,1
2025-03-03,PEPE,CryptoMarkets,Portfolio rebalancing recommendations?,0.07753333333333333,1
2025-02-25,PEPE,CryptoMarkets,Moving XRP & PEPE to BTC,-0.10606666666666666,1
2025-02-25,PEPE,CryptoMarkets,What is the best coin to invest as a newbie,2.9257333333333335,5
2025-02-15,PEPE,CryptoMarkets,Investments for 2025,5.68928,23
2025-02-15,PEPE,CryptoMarkets,Higher Highs and higher lows,-0.34858,3
2025-02-10,PEPE,CryptoMarkets,"Down 10k on my crypto, what should I do?",132.52862000000002,371
2025-02-10,PEPE,CryptoMarkets,Where to find a mentor? (For newer investors),0.2580037037037037,1
2025-02-10,PEPE,CryptoMarkets,What's Cooking in the Crypto Cauldron?,0.7023666666666667,2
2025-02-03,PEPE,CryptoMarkets,PEPE Bros Are Actually Delusional ‚Äì Y‚Äôall Need a Reality Check,-26.68996666666667,115
2025-02-02,PEPE,CryptoMarkets,Question - what happens if a coin drops so much that the exchanges stop carrying it?,-1.5626666666666666,4
2025-02-02,PEPE,CryptoMarkets,"After many red days of the crypto market, which specific altcoin will rise the most due to their volatility? after the market has stabilized again?",1.5184666666666666,5
2025-01-28,PEPE,CryptoMarkets,Portfolio Advice,0.2038,1
2025-01-28,PEPE,CryptoMarkets,TRUMP is unestabilizing the market,1.7217,54
2025-01-25,PEPE,CryptoMarkets,Pepe unchained not possible to sell6,-1.1746,10
2025-01-23,PEPE,CryptoMarkets,What happens with ETH?,-2.20948,12
2025-01-22,PEPE,CryptoMarkets,Trimming my portfolio - advice much appreciated!,0.42606666666666665,1
2025-01-21,PEPE,CryptoMarkets,Should I get rid of Eth and redistribute it to BTC and SOL.,5.2259,15
2025-01-21,PEPE,CryptoMarkets,Are trump and melania considered scams/rug pulls?,-10.278143333333334,187
2025-01-20,PEPE,CryptoMarkets,Next coin to invest in‚Ä¶,0.4376533333333333,2
2025-01-19,PEPE,CryptoMarkets,I just need a small bit of wisdom from the wise,0.484175,1
2025-01-18,PEPE,CryptoMarkets,PEPE and XRP,0.2665,1
2025-01-17,PEPE,CryptoMarkets,"Setting up for long term growth, thoughts?",0.35811666666666664,1
2025-01-11,PEPE,CryptoMarkets,Is it too late to buy?,0.27763,1
2025-01-10,PEPE,CryptoMarkets,"DOGE vs MOG vs BONK vs PEP (PEPECOIN), which is the best?",0.28041333333333335,1
2025-01-02,PEPE,CryptoMarkets,Anybody else optimistic about Crypto prices rising overall heading into the inauguration?,31.11532,69
2025-01-02,PEPE,CryptoMarkets,I would like your opinion,5.983489999999999,17
2025-01-01,PEPE,CryptoMarkets,Top coins to invest in this year. ,10.598046666666667,49
2024-12-31,PEPE,CryptoMarkets,"Just switched to Kraken and I'm loving the interface, but what's with the ""open orders"" when purchasing Crypto?",0.20776666666666666,1
2024-12-30,PEPE,CryptoMarkets,For Experienced Crypto Peeps who have been in a bull run. ,23.72226,57
2024-12-28,PEPE,CryptoMarkets,New To crypto can I get analysis. ,0.1608375,1
2024-12-28,PEPE,CryptoMarkets,Pepecoin $PEP: The Pepe That Actually Might Make Millionaires,1.8771000000000004,9
2024-12-28,PEPE,CryptoMarkets,Rate my portfolio,0.4792,1
2024-12-27,PEPE,CryptoMarkets,Why are people trying to convince me to sell? ,0.5974999999999999,1
2024-12-27,PEPE,CryptoMarkets,Need advice,0.03508,1
2024-12-27,PEPE,CryptoMarkets,Portfolio,0.08492499999999999,1
2024-12-21,PEPE,CryptoMarkets,"Do you guys know why Dogecoin, Shiba Inu & Pepe are some of the biggest coins in crypto? Trust & freedom.
",0.6493083333333333,1
2024-12-20,PEPE,CryptoMarkets,Another pump?,0.28395714285714285,1
2024-12-16,PEPE,CryptoMarkets,Looking for a new memecoin,1.38165,5
2024-12-15,PEPE,CryptoMarkets,How would you allocate $1000,7.483,21
2024-12-15,PEPE,CryptoMarkets,Crypto Portfolio ,0.36944,1
2024-12-14,PEPE,CryptoMarkets,"10k to invest, no shitcoins",-9.024799999999999,58
2024-12-08,PEPE,CryptoMarkets,"First time buyer, what crypto to get into? I keep seeing Pepe pop up",0.15807666666666667,1
2024-12-08,PEPE,CryptoMarkets,My conservative price predictions for this cycle ,0.384725,1
2024-12-08,PEPE,CryptoMarkets,What to doooo,0.34634666666666664,1
2024-12-08,PEPE,CryptoMarkets,I have 12K to invest and I will distribute them as follows,-0.03466666666666666,5
2024-12-08,PEPE,CryptoMarkets,Portfolio review ,0.0904,1
2024-12-07,PEPE,CryptoMarkets,When to sell??,0.07587999999999999,1
2024-12-07,PEPE,CryptoMarkets,Need your opinion,0.1666875,1
2024-12-05,PEPE,CryptoMarkets,Do shitcoins pay off?,0.09107999999999998,1
2024-12-05,PEPE,CryptoMarkets,Can someone explain xrp to. Me like I'm 5?,33.78938333333333,65
2024-12-05,PEPE,CryptoMarkets,BTC too High ETH high What coin to invest in?,0.19813,1
2024-12-04,PEPE,CryptoMarkets,"Ive got 50$ of gambling money left. im looking to invest in a volatile/meme coin, or one that has untapped potentional. suggestions are welcome.",0.40451,1
2024-12-03,PEPE,CryptoMarkets,"I‚Äôve been seeing how meme coins like Pepe, Doge, and even newer ones like Nice Guy take off What makes their owners tap into specific cultural quirks or stereotypes?",0.5074,1
2024-12-03,PEPE,CryptoMarkets,Any idea about Pep future ? ,-2.5292,12
2024-12-02,PEPE,CryptoMarkets,I'm going to give up,0.054736666666666677,1
2024-12-01,PEPE,CryptoMarkets,What's the point of investing in anything but Bitcoin?,0.33379000000000003,1
2024-11-24,PEPE,CryptoMarkets,First time investor here!,0.6148166666666667,2
2024-11-23,PEPE,CryptoMarkets,"ADA, SOL, XLM, XRP, PEPE",22.345933333333335,68
2024-11-22,PEPE,CryptoMarkets,You have 2k to YOLO right now.. Which high risk/high reward crypto are you betting on?,135.51975000000002,225
2024-11-22,PEPE,CryptoMarkets,Pepecoin or Pepe?,-0.3564,4
2024-11-22,PEPE,CryptoMarkets,Crypto ,0.09289333333333333,1
2024-11-21,PEPE,CryptoMarkets,What is everyone's thoughts on PEPE?,0.10707,1
2024-11-21,PEPE,CryptoMarkets,Newbie question ,0.6309666666666667,1
2024-11-18,PEPE,CryptoMarkets,Would Pepe Go Up Or Become A Relic?,0.2716740740740741,1
2024-11-17,PEPE,CryptoMarkets,Pepe still poppin!? ,-0.1376148148148148,1
2024-11-17,PEPE,CryptoMarkets,Pepe Video,0.3548,1
2024-11-14,PEPE,CryptoMarkets,Help what should I buy Pepe or Pep,0.46974444444444446,1
2024-11-14,PEPE,CryptoMarkets,"Where do you buy memecoins like SHRUB, Pepe, that you can't get on Coinbase?",1.8779666666666663,5
2024-11-14,PEPE,CryptoMarkets,"If you buying a meme coin now, which one would it be ?",0.053333333333333316,4
2024-11-14,PEPE,CryptoMarkets,"Pepe, Bonk, Shiba inu or Degen?",3.92126,14
2024-11-14,PEPE,CryptoMarkets,Pepe hit ATH amid quadrupling whale activity,0.0,9
2024-11-14,PEPE,CryptoMarkets,How smart is it to buy $PEPE right now?,2.52662,6
2024-11-13,PEPE,CryptoMarkets,What Are Your Thoughts On Pepe?,0.06573333333333332,1
2024-11-13,PEPE,CryptoMarkets,"? The Importance of Market Cap, Volume, and Supply?",1.561688888888889,4
2024-11-12,PEPE,CryptoMarkets,Rate my portfolio,1.1853,10
2024-11-10,PEPE,CryptoMarkets,First cycle with holdinga ,0.42976666666666663,1
2024-10-29,PEPE,CryptoMarkets,"KuCoin Adds SHIB, DOGE, & PEPE to Cashback Eligible VISA Card",0.0,1
2024-10-14,PEPE,CryptoMarkets,Crypto Whale Alert: The Multi Million-Dollar Play On SHIB & PEPE Amidst Bitcoin‚Äôs $66K Test,0.57165,1
2024-10-04,PEPE,CryptoMarkets,What is your opinion on Pepe meme coin? ,-3.4158100000000005,17
2025-05-28,PEPE,AltcoinTalk,$PLATH gets 1000+ votes on LEWK!! Next memecoin GIANT?,11.776242857142858,27
2025-05-23,PEPE,AltcoinTalk,"Alright, degens‚Ä¶ enough of the boring rugs and recycled Pepe forks",1.00214,3
2025-05-20,PEPE,AltcoinTalk,PLATH is fighting on the LEWK leaderboard against meme coin giants! *DONTMISS*,2.207025,9
2025-05-18,PEPE,AltcoinTalk,"$GASS - Gasspas, the Confirmed Character in Matt Furie‚Äôs new book.",0.3707,1
2025-05-18,PEPE,AltcoinTalk,The Forgotten Pepe: Jason Furie‚Äôs Visionary Frog Steps into the ETH Spotlight,25.7089,38
2025-05-13,PEPE,AltcoinTalk,In the Beginning was the word. And the word was FLUD,-11.7384,36
2025-05-11,PEPE,AltcoinTalk,üê± MACI THE CAT ‚Äî RATO‚ÄôS FURRY SIDEKICK JUST PUMPED TO $40M,15.962100000000001,33
2025-05-11,PEPE,AltcoinTalk,üêâ $LATUO ‚Äî The Dragon Awakens. Chinese $RATO Is Here to DOMINATE.,9.896,32
2025-05-11,PEPE,AltcoinTalk,Matt Furie Hints at ‚ÄúStrawberry in Bloom‚Äù ‚Äî A Female Pepe Set to Lead a New Meme Era,7.29675,15
2025-05-07,PEPE,AltcoinTalk,Soon a new Memecoin on Sui,0.9437333333333333,2
2025-05-05,PEPE,AltcoinTalk,$GEOFF will be your comeback token.,1.2831333333333335,2
2025-04-23,PEPE,AltcoinTalk,How $Hege Stacks Up Against Top Meme Coins?,3.9168000000000003,27
2025-04-22,PEPE,AltcoinTalk,Why I Chose $Hege Over Every Other Meme Coin Out There,18.643433333333334,38
2025-04-15,PEPE,AltcoinTalk,Virality as Utility ‚Äî The Core of $MEMECOIN,0.22815,1
2025-03-14,PEPE,AltcoinTalk,How $Hege Stacks Up Against Top Meme Coins?,20.148400000000002,34
2025-03-12,PEPE,AltcoinTalk,Rug-Proof and Ready to Run ‚Äì 9 Crypto Projects That Stand Out,10.591755555555554,17
2025-03-11,PEPE,AltcoinTalk,Incredible prediction from ChatGPT,10.8779,22
2025-02-10,PEPE,AltcoinTalk,üåç AFRICAN PEPE ‚Äì THE KING OF MEMES HAS ARRIVED! üê∏üî•,8.19,28
2025-02-08,PEPE,AltcoinTalk,Farley Farts: The Frog That Can‚Äôt Be Stopped!,5.992999999999999,26
2025-02-08,PEPE,AltcoinTalk,üí® GIGAFART: THE CHAD OF ALL FARTS üí®,0.4001,1
2025-02-08,PEPE,AltcoinTalk,üí® GIGAFART: THE CHAD OF ALL FARTS üí®,11.2028,28
2025-02-08,PEPE,AltcoinTalk,"zkCross Network makes cross-chain feel gas-free with its sneaky meta-transaction layer and gas price oracle. You move assets, they handle the fees (small cut tho). Less friction, more sending, no more crying over gas spikes.",-0.2338,1
2025-02-07,PEPE,AltcoinTalk,"üöÄ Wen Mystery Token? Soon, fren! üê∏",-0.46915,1
2025-02-01,PEPE,AltcoinTalk,Why you're seeing so much about PLATH,3.22855,6
2025-02-01,PEPE,AltcoinTalk,üçî WageCoin McPepe: From Flipping Burgers to Flipping Fortunes! üöÄ $MCPEPE,13.549199999999999,28
2025-02-01,PEPE,AltcoinTalk,üöÄ The Stonks Pepe ‚Äì $SPONKS Is Printing! üìàüê∏,15.32795,31
2025-01-31,PEPE,AltcoinTalk,$HODI: The Next Solana Mega Play That Everyone is Sleeping On üöÄ,27.3232,60
2025-01-28,PEPE,AltcoinTalk,"Just a $CHILLPEPE: Smooth Vibes, ATHs, and Meme Coin Swagger",13.9244,28
2025-01-28,PEPE,AltcoinTalk,üê∏ $PEPE on SOL: The King of Memes Has Arrived üöÄ,12.9506,26
2025-01-28,PEPE,AltcoinTalk,üåä $DEEPPEPE: The Meme Legend Emerges from the Abyss,14.97,30
2025-01-25,PEPE,AltcoinTalk,My $HEGE Manifesto,0.4997,1
2025-01-23,PEPE,AltcoinTalk,$PEPE: The King of Memes Ascends to the Crypto Throne,12.491249999999999,25
2025-01-23,PEPE,AltcoinTalk,Wall Street Pepe ‚Äì A New Star in the Memecoin Universe.,0.4988,1
2025-01-13,PEPE,AltcoinTalk,"Rasta Pepe ($RASPEPE): The Meme Coin That Spreads Unity, Chill, and Gains",18.739,28
2025-01-12,PEPE,AltcoinTalk,∆é‘Ä∆é‘Ä: The Meme Reversal That Redefines Reality,18.943,38
2025-01-12,PEPE,AltcoinTalk,üê∏ Pepe Wif Hat ($PWH): The Frog with the Hat That Rules Them All,15.9568,32
2024-12-30,PEPE,AltcoinTalk,"Zeus Dog: A Whimsical Ode to Peace and Community
",22.940450000000002,29
2024-12-29,PEPE,AltcoinTalk,üöÄ Mojo ($MOJO): The Origin of a Creative Revolution üêµ,26.6252,37
2024-12-29,PEPE,AltcoinTalk,üí∞ The Wealth Coin ($WEALTH): The Rise of the Rich Frog üê∏,34.0848,36
2024-12-29,PEPE,AltcoinTalk,üåü Memevengers ($MVRS): The Final Stand for Meme Glory üöÄ,26.887,35
2024-12-27,PEPE,AltcoinTalk,"üåü Introducing Hippo by Matt Furie: $HIPPO, the Meme That Stomps the Competition!",17.43,35
2024-12-26,PEPE,AltcoinTalk,üê∏ üéÆ The Pepe Game: $PEPEGAME ‚Äì The Meme Battle Royale Begins!,11.172,40
2024-12-21,PEPE,AltcoinTalk,$TOKI: The Dragon Guardian Taking the Crypto World by Storm üêâüî•,14.820750000000002,45
2024-12-21,PEPE,AltcoinTalk,$MYSTERY: The Enigmatic Frog That‚Äôs Captivating the Crypto World üê∏‚ú®,22.3567,34
2024-12-19,PEPE,AltcoinTalk,BREAKING: $HEGE listed by Bloomberg analyst as 15th best performing memecoin of 2024 (retweeted by Murad himself!),103.20153333333332,194
2024-12-17,PEPE,AltcoinTalk,Our $PepeGogh‚Äôs chart is üöÄüöÄüöÄ,0.0,1
2024-12-17,PEPE,AltcoinTalk,Introducing $BENJAMIN: The Wealthiest Furball in the Meme-Verse,33.4485,45
2024-12-16,PEPE,AltcoinTalk,$WOOLLY: The Mammoth-Sized Meme Revolution,24.98,50
2024-12-16,PEPE,AltcoinTalk,üöÄ Meet Duzz the Dawg: The Next Big Memecoin is About to Drop! üêæ,36.426,120
2024-12-15,PEPE,AltcoinTalk,üöÄ Meet Duzz the Dawg: The Next Big Memecoin is About to Drop! üêæ,31.265649999999997,103
2024-12-14,PEPE,AltcoinTalk,$LANDWOLF: The Legend of Matt Furie‚Äôs Zogz Edition Takes Over the Blockchain,27.456,55
2024-12-14,PEPE,AltcoinTalk,üöÄ Meet Duzz the Dawg: The Next Big Memecoin is About to Drop! üêæ,36.12245,119
2024-12-13,PEPE,AltcoinTalk,$SLOINK ($SLOINK): The Peculiar Legend by Matt Furie Takes the Blockchain by Storm!,30.5925,50
2024-12-13,PEPE,AltcoinTalk,Someone found out the name of the Pepe Creators first Frog! Mystery!,0.4974,1
2024-12-13,PEPE,AltcoinTalk,Fleabone ($BONE): Matt Furie‚Äôs Iconic Breakdancer Takes Center Stage!,26.45495,53
2024-11-16,PEPE,AltcoinTalk,"Your vote, your future. Join KuCoin GemVote Phase 7 and be part of the Web3 revolution.",0.296,1
2024-11-13,PEPE,AltcoinTalk,Go Fund Yourself,0.4883,1
2024-10-11,PEPE,AltcoinTalk,"New Rising Memecoin $KLAUS Surges 180% in One Day, Leading the New Wave of Meta Memes
",4.936666666666667,25
2024-10-01,PEPE,AltcoinTalk,$PEIRO ‚Äì a community-driven meme coin with big plans!,2.4503333333333335,6
2024-09-12,PEPE,AltcoinTalk,$Doogle,0.5809333333333333,2
2024-09-05,PEPE,AltcoinTalk,"Meet the Doggensnout Skeptic, the 'Pepe Killer' $DOGS The Next 100x Token from Matt Furie's Imagination!",0.5630000000000002,3
2024-07-23,PEPE,AltcoinTalk,"RARE: A Tribute to Digital Art and Blockchain Innovation
",18.6111,27
2024-07-22,PEPE,AltcoinTalk,"Don't Miss Out on the PINK Revolution!
",12.43305,21
2024-07-20,PEPE,AltcoinTalk,What is $LAMP? What is $CLUB? What is Lampclub? My bullish take:,0.6647333333333333,2
2024-07-18,PEPE,AltcoinTalk,"The Rise of $MAPE: A New Era in Cryptocurrency and Political Advocacy
",7.621433333333333,23
2024-07-17,PEPE,AltcoinTalk,"The Coolest Pepe Takeover Is Here! Join the Revolution!
",14.8722,21
2024-07-17,PEPE,AltcoinTalk,"Meet LandTrump: Solana's New Power Player!
",7.9288,16
2024-07-13,PEPE,AltcoinTalk,"Discover DuckyDuck: The Secret Friend of Pepe, Andy, Brett, and Landwolf
",11.9128,16
2024-07-11,PEPE,AltcoinTalk,"The $SPIKE You Always Deserved: Relaunched by the Original Creative Team and New Devs
",16.365000000000002,20
2024-07-09,PEPE,AltcoinTalk,$HEGE | Why I bet big on this project,4.916266666666666,8
2024-07-09,PEPE,AltcoinTalk,"Celebrating Matt Furie's Legacy
",13.344999999999999,17
2024-07-07,PEPE,AltcoinTalk,$KILL SITTING PRETTY AT 750K MC 38PnzmNXht1YBFPFEj4FipNAZM2er2x3g3Hjo7Sapump,-2.7104999999999997,6
2024-07-02,PEPE,AltcoinTalk,"Dive Into the Legacy of Hoppy: The Original Frog Inspiration!
",18.0159,21
2024-06-30,PEPE,AltcoinTalk,"$WAT - Matt Furie's Pet Rat
",9.029266666666667,17
2024-06-29,PEPE,AltcoinTalk,"BABA on Solana, PEPE‚Äôs abandoned brother is gaining fame with its mini movie!",42.905333333333324,56
2024-06-27,PEPE,AltcoinTalk,"$SEAT | As $PEPE continues to be a creep around the blockchain, $SEAT is almost prepped up for a major take off as the new animation series 'To Catch a Jeet' is right around the corner. You don't wanna miss that folks. Add $SEAT to your watchlist if you want more evidence. ",0.5661,3
2024-06-26,PEPE,AltcoinTalk,PeiPei: The Next Big Meme Coin! ,7.46025,15
2024-06-24,PEPE,AltcoinTalk,"$SEAT | While I continue to make lousy artwork to augment the efforts of the boys at $SEAT TG, the real deal, TO CATCH A JEET, by $SEAT is about to be here soon. $SEAT is gonna blow up the crypto space and you know that. Get in now or chase it afterwards. And oh yeh.. here's $PEPE being a perv.",-2.44035,9
2024-06-21,PEPE,AltcoinTalk,"Solana‚Äôs Next Big Thing: LandWolf‚Äôs Surge in the Meme Coin Market
",22.470750000000002,45
2024-06-21,PEPE,AltcoinTalk,"$SEAT | In $PEPE's latest chat log, he seemed to be overly keen in knowing about a decoy $SEAT HODLer's $SEAT size. On learning that they had 34k $SEATs and intended to grow that, $PEPE grossly expressed that he wanted to 'kiss' them.",4.2136,8
2024-06-19,PEPE,AltcoinTalk,Chinese PePe - The Next Big Meme Coin Revolution!,12.8323,26
2024-06-18,PEPE,AltcoinTalk,"Crypto is done. People keep acting like it's a normal ""cycle"" but it is a complete failure.",0.12285000000000001,1
2024-06-16,PEPE,AltcoinTalk,Introducing Dogita (DOGA) - The Ultimate Meme Coin!,7.631399999999999,23
2024-06-14,PEPE,AltcoinTalk,Donkey King - a meme coin supported by Binance Top influencer - 69K+ Followers and 1219 Posts On Our Twitter - Check Out Our Binance Article,22.7757,31
2024-06-10,PEPE,AltcoinTalk,"$SPIKE Price is Surging, How High Can the ""Brett-Killer"" Really Go?
",12.8216,33
2024-06-08,PEPE,AltcoinTalk,BOYS (Boys Club) - 15 reasons why I'm in the real Boys Club,0.32613333333333333,1
2024-06-01,PEPE,AltcoinTalk,$MAGA trump hat on base CTO,1.0830222222222223,4
2024-05-31,PEPE,AltcoinTalk,$MAGA trump hat on base CTO,1.3926,3
